2-faced,a+
2-faces,abound
abnormal,abounds
abolish,abundance
abominable,abundant
abominably,accessable
abominate,accessible
abomination,acclaim
abort,acclaimed
aborted,acclamation
aborts,accolade
abrade,accolades
abrasive,accommodative
abrupt,accomodative
abruptly,accomplish
abscond,accomplished
absence,accomplishment
absent-minded,accomplishments
absentee,accurate
absurd,accurately
absurdity,achievable
absurdly,achievement
absurdness,achievements
abuse,achievible
abused,acumen
abuses,adaptable
abusive,adaptive
abysmal,adequate
abysmally,adjustable
abyss,admirable
accidental,admirably
accost,admiration
accursed,admire
accusation,admirer
accusations,admiring
accuse,admiringly
accuses,adorable
accusing,adore
accusingly,adored
acerbate,adorer
acerbic,adoring
acerbically,adoringly
ache,adroit
ached,adroitly
aches,adulate
achey,adulation
aching,adulatory
acrid,advanced
acridly,advantage
acridness,advantageous
acrimonious,advantageously
acrimoniously,advantages
acrimony,adventuresome
adamant,adventurous
adamantly,advocate
addict,advocated
addicted,advocates
addicting,affability
addicts,affable
admonish,affably
admonisher,affectation
admonishingly,affection
admonishment,affectionate
admonition,affinity
adulterate,affirm
adulterated,affirmation
adulteration,affirmative
adulterier,affluence
adversarial,affluent
adversary,afford
adverse,affordable
adversity,affordably
afflict,afordable
affliction,agile
afflictive,agilely
affront,agility
afraid,agreeable
aggravate,agreeableness
aggravating,agreeably
aggravation,all-around
aggression,alluring
aggressive,alluringly
aggressiveness,altruistic
aggressor,altruistically
aggrieve,amaze
aggrieved,amazed
aggrivation,amazement
aghast,amazes
agonies,amazing
agonize,amazingly
agonizing,ambitious
agonizingly,ambitiously
agony,ameliorate
aground,amenable
ail,amenity
ailing,amiability
ailment,amiabily
aimless,amiable
alarm,amicability
alarmed,amicable
alarming,amicably
alarmingly,amity
alienate,ample
alienated,amply
alienation,amuse
allegation,amusing
allegations,amusingly
allege,angel
allergic,angelic
allergies,apotheosis
allergy,appeal
aloof,appealing
altercation,applaud
ambiguity,appreciable
ambiguous,appreciate
ambivalence,appreciated
ambivalent,appreciates
ambush,appreciative
amiss,appreciatively
amputate,appropriate
anarchism,approval
anarchist,approve
anarchistic,ardent
anarchy,ardently
anemic,ardor
anger,articulate
angrily,aspiration
angriness,aspirations
angry,aspire
anguish,assurance
animosity,assurances
annihilate,assure
annihilation,assuredly
annoy,assuring
annoyance,astonish
annoyances,astonished
annoyed,astonishing
annoying,astonishingly
annoyingly,astonishment
annoys,astound
anomalous,astounded
anomaly,astounding
antagonism,astoundingly
antagonist,astutely
antagonistic,attentive
antagonize,attraction
anti-,attractive
anti-american,attractively
anti-israeli,attune
anti-occupation,audible
anti-proliferation,audibly
anti-semites,auspicious
anti-social,authentic
anti-us,authoritative
anti-white,autonomous
antipathy,available
antiquated,aver
antithetical,avid
anxieties,avidly
anxiety,award
anxious,awarded
anxiously,awards
anxiousness,awe
apathetic,awed
apathetically,awesome
apathy,awesomely
apocalypse,awesomeness
apocalyptic,awestruck
apologist,awsome
apologists,backbone
appal,balanced
appall,bargain
appalled,beauteous
appalling,beautiful
appallingly,beautifullly
apprehension,beautifully
apprehensions,beautify
apprehensive,beauty
apprehensively,beckon
arbitrary,beckoned
arcane,beckoning
archaic,beckons
arduous,believable
arduously,believeable
argumentative,beloved
arrogance,benefactor
arrogant,beneficent
arrogantly,beneficial
ashamed,beneficially
asinine,beneficiary
asininely,benefit
asinininity,benefits
askance,benevolence
asperse,benevolent
aspersion,benifits
aspersions,best
assail,best-known
assassin,best-performing
assassinate,best-selling
assault,better
assult,better-known
astray,better-than-expected
asunder,beutifully
atrocious,blameless
atrocities,bless
atrocity,blessing
atrophy,bliss
attack,blissful
attacks,blissfully
audacious,blithe
audaciously,blockbuster
audaciousness,bloom
audacity,blossom
audiciously,bolster
austere,bonny
authoritarian,bonus
autocrat,bonuses
autocratic,boom
avalanche,booming
avarice,boost
avaricious,boundless
avariciously,bountiful
avenge,brainiest
averse,brainy
aversion,brand-new
aweful,brave
awful,bravery
awfully,bravo
awfulness,breakthrough
awkward,breakthroughs
awkwardness,breathlessness
ax,breathtaking
babble,breathtakingly
back-logged,breeze
back-wood,bright
back-woods,brighten
backache,brighter
backaches,brightest
backaching,brilliance
backbite,brilliances
backbiting,brilliant
backward,brilliantly
backwardness,brisk
backwood,brotherly
backwoods,bullish
bad,buoyant
badly,cajole
baffle,calm
baffled,calming
bafflement,calmness
baffling,capability
bait,capable
balk,capably
banal,captivate
banalize,captivating
bane,carefree
banish,cashback
banishment,cashbacks
bankrupt,catchy
barbarian,celebrate
barbaric,celebrated
barbarically,celebration
barbarity,celebratory
barbarous,champ
barbarously,champion
barren,charisma
baseless,charismatic
bash,charitable
bashed,charm
bashful,charming
bashing,charmingly
bastard,chaste
bastards,cheaper
battered,cheapest
battering,cheer
batty,cheerful
bearish,cheery
beastly,cherish
bedlam,cherished
bedlamite,cherub
befoul,chic
beg,chivalrous
beggar,chivalry
beggarly,civility
begging,civilize
beguile,clarity
belabor,classic
belated,classy
beleaguer,clean
belie,cleaner
belittle,cleanest
belittled,cleanliness
belittling,cleanly
bellicose,clear
belligerence,clear-cut
belligerent,cleared
belligerently,clearer
bemoan,clearly
bemoaning,clears
bemused,clever
bent,cleverly
berate,cohere
bereave,coherence
bereavement,coherent
bereft,cohesive
berserk,colorful
beseech,comely
beset,comfort
besiege,comfortable
besmirch,comfortably
bestial,comforting
betray,comfy
betrayal,commend
betrayals,commendable
betrayer,commendably
betraying,commitment
betrays,commodious
bewail,compact
beware,compactly
bewilder,compassion
bewildered,compassionate
bewildering,compatible
bewilderingly,competitive
bewilderment,complement
bewitch,complementary
bias,complemented
biased,complements
biases,compliant
bicker,compliment
bickering,complimentary
bid-rigging,comprehensive
bigotries,conciliate
bigotry,conciliatory
bitch,concise
bitchy,confidence
biting,confident
bitingly,congenial
bitter,congratulate
bitterly,congratulation
bitterness,congratulations
bizarre,congratulatory
blab,conscientious
blabber,considerate
blackmail,consistent
blah,consistently
blame,constructive
blameworthy,consummate
bland,contentment
blandish,continuity
blaspheme,contrasty
blasphemous,contribution
blasphemy,convenience
blasted,convenient
blatant,conveniently
blatantly,convience
blather,convienient
bleak,convient
bleakly,convincing
bleakness,convincingly
bleed,cool
bleeding,coolest
bleeds,cooperative
blemish,cooperatively
blind,cornerstone
blinding,correct
blindingly,correctly
blindside,cost-effective
blister,cost-saving
blistering,counter-attack
bloated,counter-attacks
blockage,courage
blockhead,courageous
bloodshed,courageously
bloodthirsty,courageousness
bloody,courteous
blotchy,courtly
blow,covenant
blunder,cozy
blundering,creative
blunders,credence
blunt,credible
blur,crisp
bluring,crisper
blurred,cure
blurring,cure-all
blurry,cushy
blurs,cute
blurt,cuteness
boastful,danke
boggle,danken
bogus,daring
boil,daringly
boiling,darling
boisterous,dashing
bomb,dauntless
bombard,dawn
bombardment,dazzle
bombastic,dazzled
bondage,dazzling
bonkers,dead-cheap
bore,dead-on
bored,decency
boredom,decent
bores,decisive
boring,decisiveness
botch,dedicated
bother,defeat
bothered,defeated
bothering,defeating
bothers,defeats
bothersome,defender
bowdlerize,deference
boycott,deft
braggart,deginified
bragger,delectable
brainless,delicacy
brainwash,delicate
brash,delicious
brashly,delight
brashness,delighted
brat,delightful
bravado,delightfully
brazen,delightfulness
brazenly,dependable
brazenness,dependably
breach,deservedly
break,deserving
break-up,desirable
break-ups,desiring
breakdown,desirous
breaking,destiny
breaks,detachable
breakup,devout
breakups,dexterous
bribery,dexterously
brimstone,dextrous
bristle,dignified
brittle,dignify
broke,dignity
broken,diligence
broken-hearted,diligent
brood,diligently
browbeat,diplomatic
bruise,dirt-cheap
bruised,distinction
bruises,distinctive
bruising,distinguished
brusque,diversified
brutal,divine
brutalising,divinely
brutalities,dominate
brutality,dominated
brutalize,dominates
brutalizing,dote
brutally,dotingly
brute,doubtless
brutish,dreamland
bs,dumbfounded
buckle,dumbfounding
bug,dummy-proof
bugging,durable
buggy,dynamic
bugs,eager
bulkier,eagerly
bulkiness,eagerness
bulky,earnest
bulkyness,earnestly
bull****,earnestness
bull----,ease
bullies,eased
bullshit,eases
bullshyt,easier
bully,easiest
bullying,easiness
bullyingly,easing
bum,easy
bump,easy-to-use
bumped,easygoing
bumping,ebullience
bumpping,ebullient
bumps,ebulliently
bumpy,ecenomical
bungle,economical
bungler,ecstasies
bungling,ecstasy
bunk,ecstatic
burden,ecstatically
burdensome,edify
burdensomely,educated
burn,effective
burned,effectively
burning,effectiveness
burns,effectual
bust,efficacious
busts,efficient
busybody,efficiently
butcher,effortless
butchery,effortlessly
buzzing,effusion
byzantine,effusive
cackle,effusively
calamities,effusiveness
calamitous,elan
calamitously,elate
calamity,elated
callous,elatedly
calumniate,elation
calumniation,electrify
calumnies,elegance
calumnious,elegant
calumniously,elegantly
calumny,elevate
cancer,elite
cancerous,eloquence
cannibal,eloquent
cannibalize,eloquently
capitulate,embolden
capricious,eminence
capriciously,eminent
capriciousness,empathize
capsize,empathy
careless,empower
carelessness,empowerment
caricature,enchant
carnage,enchanted
carp,enchanting
cartoonish,enchantingly
cash-strapped,encourage
castigate,encouragement
castrated,encouraging
casualty,encouragingly
cataclysm,endear
cataclysmal,endearing
cataclysmic,endorse
cataclysmically,endorsed
catastrophe,endorsement
catastrophes,endorses
catastrophic,endorsing
catastrophically,energetic
catastrophies,energize
caustic,energy-efficient
caustically,energy-saving
cautionary,engaging
cave,engrossing
censure,enhance
chafe,enhanced
chaff,enhancement
chagrin,enhances
challenging,enjoy
chaos,enjoyable
chaotic,enjoyably
chasten,enjoyed
chastise,enjoying
chastisement,enjoyment
chatter,enjoys
chatterbox,enlighten
cheap,enlightenment
cheapen,enliven
cheaply,ennoble
cheat,enough
cheated,enrapt
cheater,enrapture
cheating,enraptured
cheats,enrich
checkered,enrichment
cheerless,enterprising
cheesy,entertain
chide,entertaining
childish,entertains
chill,enthral
chilly,enthrall
chintzy,enthralled
choke,enthuse
choleric,enthusiasm
choppy,enthusiast
chore,enthusiastic
chronic,enthusiastically
chunky,entice
clamor,enticed
clamorous,enticing
clash,enticingly
cliche,entranced
cliched,entrancing
clique,entrust
clog,enviable
clogged,enviably
clogs,envious
cloud,enviously
clouding,enviousness
cloudy,envy
clueless,equitable
clumsy,ergonomical
clunky,err-free
coarse,erudite
cocky,ethical
coerce,eulogize
coercion,euphoria
coercive,euphoric
cold,euphorically
coldly,evaluative
collapse,evenly
collude,eventful
collusion,everlasting
combative,evocative
combust,exalt
comical,exaltation
commiserate,exalted
commonplace,exaltedly
commotion,exalting
commotions,exaltingly
complacent,examplar
complain,examplary
complained,excallent
complaining,exceed
complains,exceeded
complaint,exceeding
complaints,exceedingly
complex,exceeds
complicated,excel
complication,exceled
complicit,excelent
compulsion,excellant
compulsive,excelled
concede,excellence
conceded,excellency
conceit,excellent
conceited,excellently
concen,excels
concens,exceptional
concern,exceptionally
concerned,excite
concerns,excited
concession,excitedly
concessions,excitedness
condemn,excitement
condemnable,excites
condemnation,exciting
condemned,excitingly
condemns,exellent
condescend,exemplar
condescending,exemplary
condescendingly,exhilarate
condescension,exhilarating
confess,exhilaratingly
confession,exhilaration
confessions,exonerate
confined,expansive
conflict,expeditiously
conflicted,expertly
conflicting,exquisite
conflicts,exquisitely
confound,extol
confounded,extoll
confounding,extraordinarily
confront,extraordinary
confrontation,exuberance
confrontational,exuberant
confuse,exuberantly
confused,exult
confuses,exultant
confusing,exultation
confusion,exultingly
confusions,eye-catch
congested,eye-catching
congestion,eyecatch
cons,eyecatching
conscons,fabulous
conservative,fabulously
conspicuous,facilitate
conspicuously,fair
conspiracies,fairly
conspiracy,fairness
conspirator,faith
conspiratorial,faithful
conspire,faithfully
consternation,faithfulness
contagious,fame
contaminate,famed
contaminated,famous
contaminates,famously
contaminating,fancier
contamination,fancinating
contempt,fancy
contemptible,fanfare
contemptuous,fans
contemptuously,fantastic
contend,fantastically
contention,fascinate
contentious,fascinating
contort,fascinatingly
contortions,fascination
contradict,fashionable
contradiction,fashionably
contradictory,fast
contrariness,fast-growing
contravene,fast-paced
contrive,faster
contrived,fastest
controversial,fastest-growing
controversy,faultless
convoluted,fav
corrode,fave
corrosion,favor
corrosions,favorable
corrosive,favored
corrupt,favorite
corrupted,favorited
corrupting,favour
corruption,fearless
corrupts,fearlessly
corruptted,feasible
costlier,feasibly
costly,feat
counter-productive,feature-rich
counterproductive,fecilitous
coupists,feisty
covetous,felicitate
coward,felicitous
cowardly,felicity
crabby,fertile
crack,fervent
cracked,fervently
cracks,fervid
craftily,fervidly
craftly,fervor
crafty,festive
cramp,fidelity
cramped,fiery
cramping,fine
cranky,fine-looking
crap,finely
crappy,finer
craps,finest
crash,firmer
crashed,first-class
crashes,first-in-class
crashing,first-rate
crass,flashy
craven,flatter
cravenly,flattering
craze,flatteringly
crazily,flawless
craziness,flawlessly
crazy,flexibility
creak,flexible
creaking,flourish
creaks,flourishing
credulous,fluent
creep,flutter
creeping,fond
creeps,fondly
creepy,fondness
crept,foolproof
crime,foremost
criminal,foresight
cringe,formidable
cringed,fortitude
cringes,fortuitous
cripple,fortuitously
crippled,fortunate
cripples,fortunately
crippling,fortune
crisis,fragrant
critic,free
critical,freed
criticism,freedom
criticisms,freedoms
criticize,fresh
criticized,fresher
criticizing,freshest
critics,friendliness
cronyism,friendly
crook,frolic
crooked,frugal
crooks,fruitful
crowded,ftw
crowdedness,fulfillment
crude,fun
cruel,futurestic
crueler,futuristic
cruelest,gaiety
cruelly,gaily
cruelness,gain
cruelties,gained
cruelty,gainful
crumble,gainfully
crumbling,gaining
crummy,gains
crumple,gallant
crumpled,gallantly
crumples,galore
crush,geekier
crushed,geeky
crushing,gem
cry,gems
culpable,generosity
culprit,generous
cumbersome,generously
cunt,genial
cunts,genius
cuplrit,gentle
curse,gentlest
cursed,genuine
curses,gifted
curt,glad
cuss,gladden
cussed,gladly
cutthroat,gladness
cynical,glamorous
cynicism,glee
d*mn,gleeful
damage,gleefully
damaged,glimmer
damages,glimmering
damaging,glisten
damn,glistening
damnable,glitter
damnably,glitz
damnation,glorify
damned,glorious
damning,gloriously
damper,glory
danger,glow
dangerous,glowing
dangerousness,glowingly
dark,god-given
darken,god-send
darkened,godlike
darker,godsend
darkness,gold
dastard,golden
dastardly,good
daunt,goodly
daunting,goodness
dauntingly,goodwill
dawdle,goood
daze,gooood
dazed,gorgeous
dead,gorgeously
deadbeat,grace
deadlock,graceful
deadly,gracefully
deadweight,gracious
deaf,graciously
dearth,graciousness
death,grand
debacle,grandeur
debase,grateful
debasement,gratefully
debaser,gratification
debatable,gratified
debauch,gratifies
debaucher,gratify
debauchery,gratifying
debilitate,gratifyingly
debilitating,gratitude
debility,great
debt,greatest
debts,greatness
decadence,grin
decadent,groundbreaking
decay,guarantee
decayed,guidance
deceit,guiltless
deceitful,gumption
deceitfully,gush
deceitfulness,gusto
deceive,gutsy
deceiver,hail
deceivers,halcyon
deceiving,hale
deception,hallmark
deceptive,hallmarks
deceptively,hallowed
declaim,handier
decline,handily
declines,hands-down
declining,handsome
decrement,handsomely
decrepit,handy
decrepitude,happier
decry,happily
defamation,happiness
defamations,happy
defamatory,hard-working
defame,hardier
defect,hardy
defective,harmless
defects,harmonious
defensive,harmoniously
defiance,harmonize
defiant,harmony
defiantly,headway
deficiencies,heal
deficiency,healthful
deficient,healthy
defile,hearten
defiler,heartening
deform,heartfelt
deformed,heartily
defrauding,heartwarming
defunct,heaven
defy,heavenly
degenerate,helped
degenerately,helpful
degeneration,helping
degradation,hero
degrade,heroic
degrading,heroically
degradingly,heroine
dehumanization,heroize
dehumanize,heros
deign,high-quality
deject,high-spirited
dejected,hilarious
dejectedly,holy
dejection,homage
delay,honest
delayed,honesty
delaying,honor
delays,honorable
delinquency,honored
delinquent,honoring
delirious,hooray
delirium,hopeful
delude,hospitable
deluded,hot
deluge,hotcake
delusion,hotcakes
delusional,hottest
delusions,hug
demean,humane
demeaning,humble
demise,humility
demolish,humor
demolisher,humorous
demon,humorously
demonic,humour
demonize,humourous
demonized,ideal
demonizes,idealize
demonizing,ideally
demoralize,idol
demoralizing,idolize
demoralizingly,idolized
denial,idyllic
denied,illuminate
denies,illuminati
denigrate,illuminating
denounce,illumine
dense,illustrious
dent,ilu
dented,imaculate
dents,imaginative
denunciate,immaculate
denunciation,immaculately
denunciations,immense
deny,impartial
denying,impartiality
deplete,impartially
deplorable,impassioned
deplorably,impeccable
deplore,impeccably
deploring,important
deploringly,impress
deprave,impressed
depraved,impresses
depravedly,impressive
deprecate,impressively
depress,impressiveness
depressed,improve
depressing,improved
depressingly,improvement
depression,improvements
depressions,improves
deprive,improving
deprived,incredible
deride,incredibly
derision,indebted
derisive,individualized
derisively,indulgence
derisiveness,indulgent
derogatory,industrious
desecrate,inestimable
desert,inestimably
desertion,inexpensive
desiccate,infallibility
desiccated,infallible
desititute,infallibly
desolate,influential
desolately,ingenious
desolation,ingeniously
despair,ingenuity
despairing,ingenuous
despairingly,ingenuously
desperate,innocuous
desperately,innovation
desperation,innovative
despicable,inpressed
despicably,insightful
despise,insightfully
despised,inspiration
despoil,inspirational
despoiler,inspire
despondence,inspiring
despondency,instantly
despondent,instructive
despondently,instrumental
despot,integral
despotic,integrated
despotism,intelligence
destabilisation,intelligent
destains,intelligible
destitute,interesting
destitution,interests
destroy,intimacy
destroyer,intimate
destruction,intricate
destructive,intrigue
desultory,intriguing
deter,intriguingly
deteriorate,intuitive
deteriorating,invaluable
deterioration,invaluablely
deterrent,inventive
detest,invigorate
detestable,invigorating
detestably,invincibility
detested,invincible
detesting,inviolable
detests,inviolate
detract,invulnerable
detracted,irreplaceable
detracting,irreproachable
detraction,irresistible
detracts,irresistibly
detriment,issue-free
detrimental,jaw-droping
devastate,jaw-dropping
devastated,jollify
devastates,jolly
devastating,jovial
devastatingly,joy
devastation,joyful
deviate,joyfully
deviation,joyous
devil,joyously
devilish,jubilant
devilishly,jubilantly
devilment,jubilate
devilry,jubilation
devious,jubiliant
deviously,judicious
deviousness,justly
devoid,keen
diabolic,keenly
diabolical,keenness
diabolically,kid-friendly
diametrically,kindliness
diappointed,kindly
diatribe,kindness
diatribes,knowledgeable
dick,kudos
dictator,large-capacity
dictatorial,laud
die,laudable
die-hard,laudably
died,lavish
dies,lavishly
difficult,law-abiding
difficulties,lawful
difficulty,lawfully
diffidence,lead
dilapidated,leading
dilemma,leads
dilly-dally,lean
dim,led
dimmer,legendary
din,leverage
ding,levity
dings,liberate
dinky,liberation
dire,liberty
direly,lifesaver
direness,light-hearted
dirt,lighter
dirtbag,likable
dirtbags,like
dirts,liked
dirty,likes
disable,liking
disabled,lionhearted
disaccord,lively
disadvantage,logical
disadvantaged,long-lasting
disadvantageous,lovable
disadvantages,lovably
disaffect,love
disaffected,loved
disaffirm,loveliness
disagree,lovely
disagreeable,lover
disagreeably,loves
disagreed,loving
disagreeing,low-cost
disagreement,low-price
disagrees,low-priced
disallow,low-risk
disapointed,lower-priced
disapointing,loyal
disapointment,loyalty
disappoint,lucid
disappointed,lucidly
disappointing,luck
disappointingly,luckier
disappointment,luckiest
disappointments,luckiness
disappoints,lucky
disapprobation,lucrative
disapproval,luminous
disapprove,lush
disapproving,luster
disarm,lustrous
disarray,luxuriant
disaster,luxuriate
disasterous,luxurious
disastrous,luxuriously
disastrously,luxury
disavow,lyrical
disavowal,magic
disbelief,magical
disbelieve,magnanimous
disbeliever,magnanimously
disclaim,magnificence
discombobulate,magnificent
discomfit,magnificently
discomfititure,majestic
discomfort,majesty
discompose,manageable
disconcert,maneuverable
disconcerted,marvel
disconcerting,marveled
disconcertingly,marvelled
disconsolate,marvellous
disconsolately,marvelous
disconsolation,marvelously
discontent,marvelousness
discontented,marvels
discontentedly,master
discontinued,masterful
discontinuity,masterfully
discontinuous,masterpiece
discord,masterpieces
discordance,masters
discordant,mastery
discountenance,matchless
discourage,mature
discouragement,maturely
discouraging,maturity
discouragingly,meaningful
discourteous,memorable
discourteously,merciful
discoutinous,mercifully
discredit,mercy
discrepant,merit
discriminate,meritorious
discrimination,merrily
discriminatory,merriment
disdain,merriness
disdained,merry
disdainful,mesmerize
disdainfully,mesmerized
disfavor,mesmerizes
disgrace,mesmerizing
disgraced,mesmerizingly
disgraceful,meticulous
disgracefully,meticulously
disgruntle,mightily
disgruntled,mighty
disgust,mind-blowing
disgusted,miracle
disgustedly,miracles
disgustful,miraculous
disgustfully,miraculously
disgusting,miraculousness
disgustingly,modern
dishearten,modest
disheartening,modesty
dishearteningly,momentous
dishonest,monumental
dishonestly,monumentally
dishonesty,morality
dishonor,motivated
dishonorable,multi-purpose
dishonorablely,navigable
disillusion,neat
disillusioned,neatest
disillusionment,neatly
disillusions,nice
disinclination,nicely
disinclined,nicer
disingenuous,nicest
disingenuously,nifty
disintegrate,nimble
disintegrated,noble
disintegrates,nobly
disintegration,noiseless
disinterest,non-violence
disinterested,non-violent
dislike,notably
disliked,noteworthy
dislikes,nourish
disliking,nourishing
dislocated,nourishment
disloyal,novelty
disloyalty,nurturing
dismal,oasis
dismally,obsession
dismalness,obsessions
dismay,obtainable
dismayed,openly
dismaying,openness
dismayingly,optimal
dismissive,optimism
dismissively,optimistic
disobedience,opulent
disobedient,orderly
disobey,originality
disoobedient,outdo
disorder,outdone
disordered,outperform
disorderly,outperformed
disorganized,outperforming
disorient,outperforms
disoriented,outshine
disown,outshone
disparage,outsmart
disparaging,outstanding
disparagingly,outstandingly
dispensable,outstrip
dispirit,outwit
dispirited,ovation
dispiritedly,overjoyed
dispiriting,overtake
displace,overtaken
displaced,overtakes
displease,overtaking
displeased,overtook
displeasing,overture
displeasure,pain-free
disproportionate,painless
disprove,painlessly
disputable,palatial
dispute,pamper
disputed,pampered
disquiet,pamperedly
disquieting,pamperedness
disquietingly,pampers
disquietude,panoramic
disregard,paradise
disregardful,paramount
disreputable,pardon
disrepute,passion
disrespect,passionate
disrespectable,passionately
disrespectablity,patience
disrespectful,patient
disrespectfully,patiently
disrespectfulness,patriot
disrespecting,patriotic
disrupt,peace
disruption,peaceable
disruptive,peaceful
diss,peacefully
dissapointed,peacekeepers
dissappointed,peach
dissappointing,peerless
dissatisfaction,pep
dissatisfactory,pepped
dissatisfied,pepping
dissatisfies,peppy
dissatisfy,peps
dissatisfying,perfect
dissed,perfection
dissemble,perfectly
dissembler,permissible
dissension,perseverance
dissent,persevere
dissenter,personages
dissention,personalized
disservice,phenomenal
disses,phenomenally
dissidence,picturesque
dissident,piety
dissidents,pinnacle
dissing,playful
dissocial,playfully
dissolute,pleasant
dissolution,pleasantly
dissonance,pleased
dissonant,pleases
dissonantly,pleasing
dissuade,pleasingly
dissuasive,pleasurable
distains,pleasurably
distaste,pleasure
distasteful,plentiful
distastefully,pluses
distort,plush
distorted,plusses
distortion,poetic
distorts,poeticize
distract,poignant
distracting,poise
distraction,poised
distraught,polished
distraughtly,polite
distraughtness,politeness
distress,popular
distressed,portable
distressing,posh
distressingly,positive
distrust,positively
distrustful,positives
distrusting,powerful
disturb,powerfully
disturbance,praise
disturbed,praiseworthy
disturbing,praising
disturbingly,pre-eminent
disunity,precious
disvalue,precise
divergent,precisely
divisive,preeminent
divisively,prefer
divisiveness,preferable
dizzing,preferably
dizzingly,prefered
dizzy,preferes
doddering,preferring
dodgey,prefers
dogged,premier
doggedly,prestige
dogmatic,prestigious
doldrums,prettily
domineer,pretty
domineering,priceless
donside,pride
doom,principled
doomed,privilege
doomsday,privileged
dope,prize
doubt,proactive
doubtful,problem-free
doubtfully,problem-solver
doubts,prodigious
douchbag,prodigiously
douchebag,prodigy
douchebags,productive
downbeat,productively
downcast,proficient
downer,proficiently
downfall,profound
downfallen,profoundly
downgrade,profuse
downhearted,profusion
downheartedly,progress
downhill,progressive
downside,prolific
downsides,prominence
downturn,prominent
downturns,promise
drab,promised
draconian,promises
draconic,promising
drag,promoter
dragged,prompt
dragging,promptly
dragoon,proper
drags,properly
drain,propitious
drained,propitiously
draining,pros
drains,prosper
drastic,prosperity
drastically,prosperous
drawback,prospros
drawbacks,protect
dread,protection
dreadful,protective
dreadfully,proud
dreadfulness,proven
dreary,proves
dripped,providence
dripping,proving
drippy,prowess
drips,prudence
drones,prudent
droop,prudently
droops,punctual
drop-out,pure
drop-outs,purify
dropout,purposeful
dropouts,quaint
drought,qualified
drowning,qualify
drunk,quicker
drunkard,quiet
drunken,quieter
dubious,radiance
dubiously,radiant
dubitable,rapid
dud,rapport
dull,rapt
dullard,rapture
dumb,raptureous
dumbfound,raptureously
dump,rapturous
dumped,rapturously
dumping,rational
dumps,razor-sharp
dunce,reachable
dungeon,readable
dungeons,readily
dupe,ready
dust,reaffirm
dusty,reaffirmation
dwindling,realistic
dying,realizable
earsplitting,reasonable
eccentric,reasonably
eccentricity,reasoned
effigy,reassurance
effrontery,reassure
egocentric,receptive
egomania,reclaim
egotism,recomend
egotistical,recommend
egotistically,recommendation
egregious,recommendations
egregiously,recommended
election-rigger,reconcile
elimination,reconciliation
emaciated,record-setting
emasculate,recover
embarrass,recovery
embarrassing,rectification
embarrassingly,rectify
embarrassment,rectifying
embattled,redeem
embroil,redeeming
embroiled,redemption
embroilment,refine
emergency,refined
emphatic,refinement
emphatically,reform
emptiness,reformed
encroach,reforming
encroachment,reforms
endanger,refresh
enemies,refreshed
enemy,refreshing
enervate,refund
enfeeble,refunded
enflame,regal
engulf,regally
enjoin,regard
enmity,rejoice
enrage,rejoicing
enraged,rejoicingly
enraging,rejuvenate
enslave,rejuvenated
entangle,rejuvenating
entanglement,relaxed
entrap,relent
entrapment,reliable
envious,reliably
enviously,relief
enviousness,relish
epidemic,remarkable
equivocal,remarkably
erase,remedy
erode,remission
erodes,remunerate
erosion,renaissance
err,renewed
errant,renown
erratic,renowned
erratically,replaceable
erroneous,reputable
erroneously,reputation
error,resilient
errors,resolute
eruptions,resound
escapade,resounding
eschew,resourceful
estranged,resourcefulness
evade,respect
evasion,respectable
evasive,respectful
evil,respectfully
evildoer,respite
evils,resplendent
eviscerate,responsibly
exacerbate,responsive
exagerate,restful
exagerated,restored
exagerates,restructure
exaggerate,restructured
exaggeration,restructuring
exasperate,retractable
exasperated,revel
exasperating,revelation
exasperatingly,revere
exasperation,reverence
excessive,reverent
excessively,reverently
exclusion,revitalize
excoriate,revival
excruciating,revive
excruciatingly,revives
excuse,revolutionary
excuses,revolutionize
execrate,revolutionized
exhaust,revolutionizes
exhausted,reward
exhaustion,rewarding
exhausts,rewardingly
exhorbitant,rich
exhort,richer
exile,richly
exorbitant,richness
exorbitantance,right
exorbitantly,righten
expel,righteous
expensive,righteously
expire,righteousness
expired,rightful
explode,rightfully
exploit,rightly
exploitation,rightness
explosive,risk-free
expropriate,robust
expropriation,rock-star
expulse,rock-stars
expunge,rockstar
exterminate,rockstars
extermination,romantic
extinguish,romantically
extort,romanticize
extortion,roomier
extraneous,roomy
extravagance,rosy
extravagant,safe
extravagantly,safely
extremism,sagacity
extremist,sagely
extremists,saint
eyesore,saintliness
f**k,saintly
fabricate,salutary
fabrication,salute
facetious,sane
facetiously,satisfactorily
fail,satisfactory
failed,satisfied
failing,satisfies
fails,satisfy
failure,satisfying
failures,satisified
faint,saver
fainthearted,savings
faithless,savior
fake,savvy
fall,scenic
fallacies,seamless
fallacious,seasoned
fallaciously,secure
fallaciousness,securely
fallacy,selective
fallen,self-determination
falling,self-respect
fallout,self-satisfaction
falls,self-sufficiency
FALSE,self-sufficient
falsehood,sensation
falsely,sensational
falsify,sensationally
falter,sensations
faltered,sensible
famine,sensibly
famished,sensitive
fanatic,serene
fanatical,serenity
fanatically,sexy
fanaticism,sharp
fanatics,sharper
fanciful,sharpest
far-fetched,shimmering
farce,shimmeringly
farcical,shine
farcical-yet-provocative,shiny
farcically,significant
farfetched,silent
fascism,simpler
fascist,simplest
fastidious,simplified
fastidiously,simplifies
fastuous,simplify
fat,simplifying
fat-cat,sincere
fat-cats,sincerely
fatal,sincerity
fatalistic,skill
fatalistically,skilled
fatally,skillful
fatcat,skillfully
fatcats,slammin
fateful,sleek
fatefully,slick
fathomless,smart
fatigue,smarter
fatigued,smartest
fatique,smartly
fatty,smile
fatuity,smiles
fatuous,smiling
fatuously,smilingly
fault,smitten
faults,smooth
faulty,smoother
fawningly,smoothes
faze,smoothest
fear,smoothly
fearful,snappy
fearfully,snazzy
fears,sociable
fearsome,soft
feckless,softer
feeble,solace
feeblely,solicitous
feebleminded,solicitously
feign,solid
feint,solidarity
fell,soothe
felon,soothingly
felonious,sophisticated
ferociously,soulful
ferocity,soundly
fetid,soundness
fever,spacious
feverish,sparkle
fevers,sparkling
fiasco,spectacular
fib,spectacularly
fibber,speedily
fickle,speedy
fiction,spellbind
fictional,spellbinding
fictitious,spellbindingly
fidget,spellbound
fidgety,spirited
fiend,spiritual
fiendish,splendid
fierce,splendidly
figurehead,splendor
filth,spontaneous
filthy,sporty
finagle,spotless
finicky,sprightly
fissures,stability
fist,stabilize
flabbergast,stable
flabbergasted,stainless
flagging,standout
flagrant,state-of-the-art
flagrantly,stately
flair,statuesque
flairs,staunch
flak,staunchly
flake,staunchness
flakey,steadfast
flakieness,steadfastly
flaking,steadfastness
flaky,steadiest
flare,steadiness
flares,steady
flareup,stellar
flareups,stellarly
flat-out,stimulate
flaunt,stimulates
flaw,stimulating
flawed,stimulative
flaws,stirringly
flee,straighten
fleed,straightforward
fleeing,streamlined
fleer,striking
flees,strikingly
fleeting,striving
flicering,strong
flicker,stronger
flickering,strongest
flickers,stunned
flighty,stunning
flimflam,stunningly
flimsy,stupendous
flirt,stupendously
flirty,sturdier
floored,sturdy
flounder,stylish
floundering,stylishly
flout,stylized
fluster,suave
foe,suavely
fool,sublime
fooled,subsidize
foolhardy,subsidized
foolish,subsidizes
foolishly,subsidizing
foolishness,substantive
forbid,succeed
forbidden,succeeded
forbidding,succeeding
forceful,succeeds
foreboding,succes
forebodingly,success
forfeit,successes
forged,successful
forgetful,successfully
forgetfully,suffice
forgetfulness,sufficed
forlorn,suffices
forlornly,sufficient
forsake,sufficiently
forsaken,suitable
forswear,sumptuous
foul,sumptuously
foully,sumptuousness
foulness,super
fractious,superb
fractiously,superbly
fracture,superior
fragile,superiority
fragmented,supple
frail,support
frantic,supported
frantically,supporter
franticly,supporting
fraud,supportive
fraudulent,supports
fraught,supremacy
frazzle,supreme
frazzled,supremely
freak,supurb
freaking,supurbly
freakish,surmount
freakishly,surpass
freaks,surreal
freeze,survival
freezes,survivor
freezing,sustainability
frenetic,sustainable
frenetically,swank
frenzied,swankier
frenzy,swankiest
fret,swanky
fretful,sweeping
frets,sweet
friction,sweeten
frictions,sweetheart
fried,sweetly
friggin,sweetness
frigging,swift
fright,swiftness
frighten,talent
frightening,talented
frighteningly,talents
frightful,tantalize
frightfully,tantalizing
frigid,tantalizingly
frost,tempt
frown,tempting
froze,temptingly
frozen,tenacious
fruitless,tenaciously
fruitlessly,tenacity
frustrate,tender
frustrated,tenderly
frustrates,terrific
frustrating,terrifically
frustratingly,thank
frustration,thankful
frustrations,thinner
fuck,thoughtful
fucking,thoughtfully
fudge,thoughtfulness
fugitive,thrift
full-blown,thrifty
fulminate,thrill
fumble,thrilled
fume,thrilling
fumes,thrillingly
fundamentalism,thrills
funky,thrive
funnily,thriving
funny,thumb-up
furious,thumbs-up
furiously,tickle
furor,tidy
fury,time-honored
fuss,timely
fussy,tingle
fustigate,titillate
fusty,titillating
futile,titillatingly
futilely,togetherness
futility,tolerable
fuzzy,toll-free
gabble,top
gaff,top-notch
gaffe,top-quality
gainsay,topnotch
gainsayer,tops
gall,tough
galling,tougher
gallingly,toughest
galls,traction
gangster,tranquil
gape,tranquility
garbage,transparent
garish,treasure
gasp,tremendously
gauche,trendy
gaudy,triumph
gawk,triumphal
gawky,triumphant
geezer,triumphantly
genocide,trivially
get-rich,trophy
ghastly,trouble-free
ghetto,trump
ghosting,trumpet
gibber,trust
gibberish,trusted
gibe,trusting
giddy,trustingly
gimmick,trustworthiness
gimmicked,trustworthy
gimmicking,trusty
gimmicks,truthful
gimmicky,truthfully
glare,truthfulness
glaringly,twinkly
glib,ultra-crisp
glibly,unabashed
glitch,unabashedly
glitches,unaffected
gloatingly,unassailable
gloom,unbeatable
gloomy,unbiased
glower,unbound
glum,uncomplicated
glut,unconditional
gnawing,undamaged
goad,undaunted
goading,understandable
god-awful,undisputable
goof,undisputably
goofy,undisputed
goon,unencumbered
gossip,unequivocal
graceless,unequivocally
gracelessly,unfazed
graft,unfettered
grainy,unforgettable
grapple,unity
grate,unlimited
grating,unmatched
gravely,unparalleled
greasy,unquestionable
greed,unquestionably
greedy,unreal
grief,unrestricted
grievance,unrivaled
grievances,unselfish
grieve,unwavering
grieving,upbeat
grievous,upgradable
grievously,upgradeable
grim,upgraded
grimace,upheld
grind,uphold
gripe,uplift
gripes,uplifting
grisly,upliftingly
gritty,upliftment
gross,upscale
grossly,usable
grotesque,useable
grouch,useful
grouchy,user-friendly
groundless,user-replaceable
grouse,valiant
growl,valiantly
grudge,valor
grudges,valuable
grudging,variety
grudgingly,venerate
gruesome,verifiable
gruesomely,veritable
gruff,versatile
grumble,versatility
grumpier,vibrant
grumpiest,vibrantly
grumpily,victorious
grumpish,victory
grumpy,viewable
guile,vigilance
guilt,vigilant
guiltily,virtue
guilty,virtuous
gullible,virtuously
gutless,visionary
gutter,vivacious
hack,vivid
hacks,vouch
haggard,vouchsafe
haggle,warm
hairloss,warmer
halfhearted,warmhearted
halfheartedly,warmly
hallucinate,warmth
hallucination,wealthy
hamper,welcome
hampered,well
handicapped,well-backlit
hang,well-balanced
hangs,well-behaved
haphazard,well-being
hapless,well-bred
harangue,well-connected
harass,well-educated
harassed,well-established
harasses,well-informed
harassment,well-intentioned
harboring,well-known
harbors,well-made
hard,well-managed
hard-hit,well-mannered
hard-line,well-positioned
hard-liner,well-received
hardball,well-regarded
harden,well-rounded
hardened,well-run
hardheaded,well-wishers
hardhearted,wellbeing
hardliner,whoa
hardliners,wholeheartedly
hardship,wholesome
hardships,whooa
harm,whoooa
harmed,wieldy
harmful,willing
harms,willingly
harpy,willingness
harridan,win
harried,windfall
harrow,winnable
harsh,winner
harshly,winners
hasseling,winning
hassle,wins
hassled,wisdom
hassles,wise
haste,wisely
hastily,witty
hasty,won
hate,wonder
hated,wonderful
hateful,wonderfully
hatefully,wonderous
hatefulness,wonderously
hater,wonders
haters,wondrous
hates,woo
hating,work
hatred,workable
haughtily,worked
haughty,works
haunt,world-famous
haunting,worth
havoc,worth-while
hawkish,worthiness
haywire,worthwhile
hazard,worthy
hazardous,wow
haze,wowed
hazy,wowing
head-aches,wows
headache,yay
headaches,youthful
heartbreaker,zeal
heartbreaking,zenith
heartbreakingly,zest
heartless,zippy
heathen,zippy
heavy-handed,zippy
heavyhearted,zippy
heck,zippy
heckle,zippy
heckled,zippy
heckles,zippy
hectic,zippy
hedge,zippy
hedonistic,zippy
heedless,zippy
hefty,zippy
hegemonism,zippy
hegemonistic,zippy
hegemony,zippy
heinous,zippy
hell,zippy
hell-bent,zippy
hellion,zippy
hells,zippy
helpless,zippy
helplessly,zippy
helplessness,zippy
heresy,zippy
heretic,zippy
heretical,zippy
hesitant,zippy
hestitant,zippy
hideous,zippy
hideously,zippy
hideousness,zippy
high-priced,zippy
hiliarious,zippy
hinder,zippy
hindrance,zippy
hiss,zippy
hissed,zippy
hissing,zippy
ho-hum,zippy
hoard,zippy
hoax,zippy
hobble,zippy
hogs,zippy
hollow,zippy
hoodium,zippy
hoodwink,zippy
hooligan,zippy
hopeless,zippy
hopelessly,zippy
hopelessness,zippy
horde,zippy
horrendous,zippy
horrendously,zippy
horrible,zippy
horrid,zippy
horrific,zippy
horrified,zippy
horrifies,zippy
horrify,zippy
horrifying,zippy
horrifys,zippy
hostage,zippy
hostile,zippy
hostilities,zippy
hostility,zippy
hotbeds,zippy
hothead,zippy
hotheaded,zippy
hothouse,zippy
hubris,zippy
huckster,zippy
hum,zippy
humid,zippy
humiliate,zippy
humiliating,zippy
humiliation,zippy
humming,zippy
hung,zippy
hurt,zippy
hurted,zippy
hurtful,zippy
hurting,zippy
hurts,zippy
hustler,zippy
hype,zippy
hypocricy,zippy
hypocrisy,zippy
hypocrite,zippy
hypocrites,zippy
hypocritical,zippy
hypocritically,zippy
hysteria,zippy
hysteric,zippy
hysterical,zippy
hysterically,zippy
hysterics,zippy
idiocies,zippy
idiocy,zippy
idiot,zippy
idiotic,zippy
idiotically,zippy
idiots,zippy
idle,zippy
ignoble,zippy
ignominious,zippy
ignominiously,zippy
ignominy,zippy
ignorance,zippy
ignorant,zippy
ignore,zippy
ill-advised,zippy
ill-conceived,zippy
ill-defined,zippy
ill-designed,zippy
ill-fated,zippy
ill-favored,zippy
ill-formed,zippy
ill-mannered,zippy
ill-natured,zippy
ill-sorted,zippy
ill-tempered,zippy
ill-treated,zippy
ill-treatment,zippy
ill-usage,zippy
ill-used,zippy
illegal,zippy
illegally,zippy
illegitimate,zippy
illicit,zippy
illiterate,zippy
illness,zippy
illogic,zippy
illogical,zippy
illogically,zippy
illusion,zippy
illusions,zippy
illusory,zippy
imaginary,zippy
imbalance,zippy
imbecile,zippy
imbroglio,zippy
immaterial,zippy
immature,zippy
imminence,zippy
imminently,zippy
immobilized,zippy
immoderate,zippy
immoderately,zippy
immodest,zippy
immoral,zippy
immorality,zippy
immorally,zippy
immovable,zippy
impair,zippy
impaired,zippy
impasse,zippy
impatience,zippy
impatient,zippy
impatiently,zippy
impeach,zippy
impedance,zippy
impede,zippy
impediment,zippy
impending,zippy
impenitent,zippy
imperfect,zippy
imperfection,zippy
imperfections,zippy
imperfectly,zippy
imperialist,zippy
imperil,zippy
imperious,zippy
imperiously,zippy
impermissible,zippy
impersonal,zippy
impertinent,zippy
impetuous,zippy
impetuously,zippy
impiety,zippy
impinge,zippy
impious,zippy
implacable,zippy
implausible,zippy
implausibly,zippy
implicate,zippy
implication,zippy
implode,zippy
impolite,zippy
impolitely,zippy
impolitic,zippy
importunate,zippy
importune,zippy
impose,zippy
imposers,zippy
imposing,zippy
imposition,zippy
impossible,zippy
impossiblity,zippy
impossibly,zippy
impotent,zippy
impoverish,zippy
impoverished,zippy
impractical,zippy
imprecate,zippy
imprecise,zippy
imprecisely,zippy
imprecision,zippy
imprison,zippy
imprisonment,zippy
improbability,zippy
improbable,zippy
improbably,zippy
improper,zippy
improperly,zippy
impropriety,zippy
imprudence,zippy
imprudent,zippy
impudence,zippy
impudent,zippy
impudently,zippy
impugn,zippy
impulsive,zippy
impulsively,zippy
impunity,zippy
impure,zippy
impurity,zippy
inability,zippy
inaccuracies,zippy
inaccuracy,zippy
inaccurate,zippy
inaccurately,zippy
inaction,zippy
inactive,zippy
inadequacy,zippy
inadequate,zippy
inadequately,zippy
inadverent,zippy
inadverently,zippy
inadvisable,zippy
inadvisably,zippy
inane,zippy
inanely,zippy
inappropriate,zippy
inappropriately,zippy
inapt,zippy
inaptitude,zippy
inarticulate,zippy
inattentive,zippy
inaudible,zippy
incapable,zippy
incapably,zippy
incautious,zippy
incendiary,zippy
incense,zippy
incessant,zippy
incessantly,zippy
incite,zippy
incitement,zippy
incivility,zippy
inclement,zippy
incognizant,zippy
incoherence,zippy
incoherent,zippy
incoherently,zippy
incommensurate,zippy
incomparable,zippy
incomparably,zippy
incompatability,zippy
incompatibility,zippy
incompatible,zippy
incompetence,zippy
incompetent,zippy
incompetently,zippy
incomplete,zippy
incompliant,zippy
incomprehensible,zippy
incomprehension,zippy
inconceivable,zippy
inconceivably,zippy
incongruous,zippy
incongruously,zippy
inconsequent,zippy
inconsequential,zippy
inconsequentially,zippy
inconsequently,zippy
inconsiderate,zippy
inconsiderately,zippy
inconsistence,zippy
inconsistencies,zippy
inconsistency,zippy
inconsistent,zippy
inconsolable,zippy
inconsolably,zippy
inconstant,zippy
inconvenience,zippy
inconveniently,zippy
incorrect,zippy
incorrectly,zippy
incorrigible,zippy
incorrigibly,zippy
incredulous,zippy
incredulously,zippy
inculcate,zippy
indecency,zippy
indecent,zippy
indecently,zippy
indecision,zippy
indecisive,zippy
indecisively,zippy
indecorum,zippy
indefensible,zippy
indelicate,zippy
indeterminable,zippy
indeterminably,zippy
indeterminate,zippy
indifference,zippy
indifferent,zippy
indigent,zippy
indignant,zippy
indignantly,zippy
indignation,zippy
indignity,zippy
indiscernible,zippy
indiscreet,zippy
indiscreetly,zippy
indiscretion,zippy
indiscriminate,zippy
indiscriminately,zippy
indiscriminating,zippy
indistinguishable,zippy
indoctrinate,zippy
indoctrination,zippy
indolent,zippy
indulge,zippy
ineffective,zippy
ineffectively,zippy
ineffectiveness,zippy
ineffectual,zippy
ineffectually,zippy
ineffectualness,zippy
inefficacious,zippy
inefficacy,zippy
inefficiency,zippy
inefficient,zippy
inefficiently,zippy
inelegance,zippy
inelegant,zippy
ineligible,zippy
ineloquent,zippy
ineloquently,zippy
inept,zippy
ineptitude,zippy
ineptly,zippy
inequalities,zippy
inequality,zippy
inequitable,zippy
inequitably,zippy
inequities,zippy
inescapable,zippy
inescapably,zippy
inessential,zippy
inevitable,zippy
inevitably,zippy
inexcusable,zippy
inexcusably,zippy
inexorable,zippy
inexorably,zippy
inexperience,zippy
inexperienced,zippy
inexpert,zippy
inexpertly,zippy
inexpiable,zippy
inexplainable,zippy
inextricable,zippy
inextricably,zippy
infamous,zippy
infamously,zippy
infamy,zippy
infected,zippy
infection,zippy
infections,zippy
inferior,zippy
inferiority,zippy
infernal,zippy
infest,zippy
infested,zippy
infidel,zippy
infidels,zippy
infiltrator,zippy
infiltrators,zippy
infirm,zippy
inflame,zippy
inflammation,zippy
inflammatory,zippy
inflammed,zippy
inflated,zippy
inflationary,zippy
inflexible,zippy
inflict,zippy
infraction,zippy
infringe,zippy
infringement,zippy
infringements,zippy
infuriate,zippy
infuriated,zippy
infuriating,zippy
infuriatingly,zippy
inglorious,zippy
ingrate,zippy
ingratitude,zippy
inhibit,zippy
inhibition,zippy
inhospitable,zippy
inhospitality,zippy
inhuman,zippy
inhumane,zippy
inhumanity,zippy
inimical,zippy
inimically,zippy
iniquitous,zippy
iniquity,zippy
injudicious,zippy
injure,zippy
injurious,zippy
injury,zippy
injustice,zippy
injustices,zippy
innuendo,zippy
inoperable,zippy
inopportune,zippy
inordinate,zippy
inordinately,zippy
insane,zippy
insanely,zippy
insanity,zippy
insatiable,zippy
insecure,zippy
insecurity,zippy
insensible,zippy
insensitive,zippy
insensitively,zippy
insensitivity,zippy
insidious,zippy
insidiously,zippy
insignificance,zippy
insignificant,zippy
insignificantly,zippy
insincere,zippy
insincerely,zippy
insincerity,zippy
insinuate,zippy
insinuating,zippy
insinuation,zippy
insociable,zippy
insolence,zippy
insolent,zippy
insolently,zippy
insolvent,zippy
insouciance,zippy
instability,zippy
instable,zippy
instigate,zippy
instigator,zippy
instigators,zippy
insubordinate,zippy
insubstantial,zippy
insubstantially,zippy
insufferable,zippy
insufferably,zippy
insufficiency,zippy
insufficient,zippy
insufficiently,zippy
insular,zippy
insult,zippy
insulted,zippy
insulting,zippy
insultingly,zippy
insults,zippy
insupportable,zippy
insupportably,zippy
insurmountable,zippy
insurmountably,zippy
insurrection,zippy
intefere,zippy
inteferes,zippy
intense,zippy
interfere,zippy
interference,zippy
interferes,zippy
intermittent,zippy
interrupt,zippy
interruption,zippy
interruptions,zippy
intimidate,zippy
intimidating,zippy
intimidatingly,zippy
intimidation,zippy
intolerable,zippy
intolerablely,zippy
intolerance,zippy
intoxicate,zippy
intractable,zippy
intransigence,zippy
intransigent,zippy
intrude,zippy
intrusion,zippy
intrusive,zippy
inundate,zippy
inundated,zippy
invader,zippy
invalid,zippy
invalidate,zippy
invalidity,zippy
invasive,zippy
invective,zippy
inveigle,zippy
invidious,zippy
invidiously,zippy
invidiousness,zippy
invisible,zippy
involuntarily,zippy
involuntary,zippy
irascible,zippy
irate,zippy
irately,zippy
ire,zippy
irk,zippy
irked,zippy
irking,zippy
irks,zippy
irksome,zippy
irksomely,zippy
irksomeness,zippy
irksomenesses,zippy
ironic,zippy
ironical,zippy
ironically,zippy
ironies,zippy
irony,zippy
irragularity,zippy
irrational,zippy
irrationalities,zippy
irrationality,zippy
irrationally,zippy
irrationals,zippy
irreconcilable,zippy
irrecoverable,zippy
irrecoverableness,zippy
irrecoverablenesses,zippy
irrecoverably,zippy
irredeemable,zippy
irredeemably,zippy
irreformable,zippy
irregular,zippy
irregularity,zippy
irrelevance,zippy
irrelevant,zippy
irreparable,zippy
irreplacible,zippy
irrepressible,zippy
irresolute,zippy
irresolvable,zippy
irresponsible,zippy
irresponsibly,zippy
irretating,zippy
irretrievable,zippy
irreversible,zippy
irritable,zippy
irritably,zippy
irritant,zippy
irritate,zippy
irritated,zippy
irritating,zippy
irritation,zippy
irritations,zippy
isolate,zippy
isolated,zippy
isolation,zippy
issue,zippy
issues,zippy
itch,zippy
itching,zippy
itchy,zippy
jabber,zippy
jaded,zippy
jagged,zippy
jam,zippy
jarring,zippy
jaundiced,zippy
jealous,zippy
jealously,zippy
jealousness,zippy
jealousy,zippy
jeer,zippy
jeering,zippy
jeeringly,zippy
jeers,zippy
jeopardize,zippy
jeopardy,zippy
jerk,zippy
jerky,zippy
jitter,zippy
jitters,zippy
jittery,zippy
job-killing,zippy
jobless,zippy
joke,zippy
joker,zippy
jolt,zippy
judder,zippy
juddering,zippy
judders,zippy
jumpy,zippy
junk,zippy
junky,zippy
junkyard,zippy
jutter,zippy
jutters,zippy
kaput,zippy
kill,zippy
killed,zippy
killer,zippy
killing,zippy
killjoy,zippy
kills,zippy
knave,zippy
knife,zippy
knock,zippy
knotted,zippy
kook,zippy
kooky,zippy
lack,zippy
lackadaisical,zippy
lacked,zippy
lackey,zippy
lackeys,zippy
lacking,zippy
lackluster,zippy
lacks,zippy
laconic,zippy
lag,zippy
lagged,zippy
lagging,zippy
laggy,zippy
lags,zippy
laid-off,zippy
lambast,zippy
lambaste,zippy
lame,zippy
lame-duck,zippy
lament,zippy
lamentable,zippy
lamentably,zippy
languid,zippy
languish,zippy
languor,zippy
languorous,zippy
languorously,zippy
lanky,zippy
lapse,zippy
lapsed,zippy
lapses,zippy
lascivious,zippy
last-ditch,zippy
latency,zippy
laughable,zippy
laughably,zippy
laughingstock,zippy
lawbreaker,zippy
lawbreaking,zippy
lawless,zippy
lawlessness,zippy
layoff,zippy
layoff-happy,zippy
lazy,zippy
leak,zippy
leakage,zippy
leakages,zippy
leaking,zippy
leaks,zippy
leaky,zippy
lech,zippy
lecher,zippy
lecherous,zippy
lechery,zippy
leech,zippy
leer,zippy
leery,zippy
left-leaning,zippy
lemon,zippy
lengthy,zippy
less-developed,zippy
lesser-known,zippy
letch,zippy
lethal,zippy
lethargic,zippy
lethargy,zippy
lewd,zippy
lewdly,zippy
lewdness,zippy
liability,zippy
liable,zippy
liar,zippy
liars,zippy
licentious,zippy
licentiously,zippy
licentiousness,zippy
lie,zippy
lied,zippy
lier,zippy
lies,zippy
life-threatening,zippy
lifeless,zippy
limit,zippy
limitation,zippy
limitations,zippy
limited,zippy
limits,zippy
limp,zippy
listless,zippy
litigious,zippy
little-known,zippy
livid,zippy
lividly,zippy
loath,zippy
loathe,zippy
loathing,zippy
loathly,zippy
loathsome,zippy
loathsomely,zippy
lone,zippy
loneliness,zippy
lonely,zippy
loner,zippy
lonesome,zippy
long-time,zippy
long-winded,zippy
longing,zippy
longingly,zippy
loophole,zippy
loopholes,zippy
loose,zippy
loot,zippy
lorn,zippy
lose,zippy
loser,zippy
losers,zippy
loses,zippy
losing,zippy
loss,zippy
losses,zippy
lost,zippy
loud,zippy
louder,zippy
lousy,zippy
loveless,zippy
lovelorn,zippy
low-rated,zippy
lowly,zippy
ludicrous,zippy
ludicrously,zippy
lugubrious,zippy
lukewarm,zippy
lull,zippy
lumpy,zippy
lunatic,zippy
lunaticism,zippy
lurch,zippy
lure,zippy
lurid,zippy
lurk,zippy
lurking,zippy
lying,zippy
macabre,zippy
mad,zippy
madden,zippy
maddening,zippy
maddeningly,zippy
madder,zippy
madly,zippy
madman,zippy
madness,zippy
maladjusted,zippy
maladjustment,zippy
malady,zippy
malaise,zippy
malcontent,zippy
malcontented,zippy
maledict,zippy
malevolence,zippy
malevolent,zippy
malevolently,zippy
malice,zippy
malicious,zippy
maliciously,zippy
maliciousness,zippy
malign,zippy
malignant,zippy
malodorous,zippy
maltreatment,zippy
mangle,zippy
mangled,zippy
mangles,zippy
mangling,zippy
mania,zippy
maniac,zippy
maniacal,zippy
manic,zippy
manipulate,zippy
manipulation,zippy
manipulative,zippy
manipulators,zippy
mar,zippy
marginal,zippy
marginally,zippy
martyrdom,zippy
martyrdom-seeking,zippy
mashed,zippy
massacre,zippy
massacres,zippy
matte,zippy
mawkish,zippy
mawkishly,zippy
mawkishness,zippy
meager,zippy
meaningless,zippy
meanness,zippy
measly,zippy
meddle,zippy
meddlesome,zippy
mediocre,zippy
mediocrity,zippy
melancholy,zippy
melodramatic,zippy
melodramatically,zippy
meltdown,zippy
menace,zippy
menacing,zippy
menacingly,zippy
mendacious,zippy
mendacity,zippy
menial,zippy
merciless,zippy
mercilessly,zippy
mess,zippy
messed,zippy
messes,zippy
messing,zippy
messy,zippy
midget,zippy
miff,zippy
militancy,zippy
mindless,zippy
mindlessly,zippy
mirage,zippy
mire,zippy
misalign,zippy
misaligned,zippy
misaligns,zippy
misapprehend,zippy
misbecome,zippy
misbecoming,zippy
misbegotten,zippy
misbehave,zippy
misbehavior,zippy
miscalculate,zippy
miscalculation,zippy
miscellaneous,zippy
mischief,zippy
mischievous,zippy
mischievously,zippy
misconception,zippy
misconceptions,zippy
miscreant,zippy
miscreants,zippy
misdirection,zippy
miser,zippy
miserable,zippy
miserableness,zippy
miserably,zippy
miseries,zippy
miserly,zippy
misery,zippy
misfit,zippy
misfortune,zippy
misgiving,zippy
misgivings,zippy
misguidance,zippy
misguide,zippy
misguided,zippy
mishandle,zippy
mishap,zippy
misinform,zippy
misinformed,zippy
misinterpret,zippy
misjudge,zippy
misjudgment,zippy
mislead,zippy
misleading,zippy
misleadingly,zippy
mislike,zippy
mismanage,zippy
mispronounce,zippy
mispronounced,zippy
mispronounces,zippy
misread,zippy
misreading,zippy
misrepresent,zippy
misrepresentation,zippy
miss,zippy
missed,zippy
misses,zippy
misstatement,zippy
mist,zippy
mistake,zippy
mistaken,zippy
mistakenly,zippy
mistakes,zippy
mistified,zippy
mistress,zippy
mistrust,zippy
mistrustful,zippy
mistrustfully,zippy
mists,zippy
misunderstand,zippy
misunderstanding,zippy
misunderstandings,zippy
misunderstood,zippy
misuse,zippy
moan,zippy
mobster,zippy
mock,zippy
mocked,zippy
mockeries,zippy
mockery,zippy
mocking,zippy
mockingly,zippy
mocks,zippy
molest,zippy
molestation,zippy
monotonous,zippy
monotony,zippy
monster,zippy
monstrosities,zippy
monstrosity,zippy
monstrous,zippy
monstrously,zippy
moody,zippy
moot,zippy
mope,zippy
morbid,zippy
morbidly,zippy
mordant,zippy
mordantly,zippy
moribund,zippy
moron,zippy
moronic,zippy
morons,zippy
mortification,zippy
mortified,zippy
mortify,zippy
mortifying,zippy
motionless,zippy
motley,zippy
mourn,zippy
mourner,zippy
mournful,zippy
mournfully,zippy
muddle,zippy
muddy,zippy
mudslinger,zippy
mudslinging,zippy
mulish,zippy
multi-polarization,zippy
mundane,zippy
murder,zippy
murderer,zippy
murderous,zippy
murderously,zippy
murky,zippy
muscle-flexing,zippy
mushy,zippy
musty,zippy
mysterious,zippy
mysteriously,zippy
mystery,zippy
mystify,zippy
myth,zippy
nag,zippy
nagging,zippy
naive,zippy
naively,zippy
narrower,zippy
nastily,zippy
nastiness,zippy
nasty,zippy
naughty,zippy
nauseate,zippy
nauseates,zippy
nauseating,zippy
nauseatingly,zippy
na�ve,zippy
nebulous,zippy
nebulously,zippy
needless,zippy
needlessly,zippy
needy,zippy
nefarious,zippy
nefariously,zippy
negate,zippy
negation,zippy
negative,zippy
negatives,zippy
negativity,zippy
neglect,zippy
neglected,zippy
negligence,zippy
negligent,zippy
nemesis,zippy
nepotism,zippy
nervous,zippy
nervously,zippy
nervousness,zippy
nettle,zippy
nettlesome,zippy
neurotic,zippy
neurotically,zippy
niggle,zippy
niggles,zippy
nightmare,zippy
nightmarish,zippy
nightmarishly,zippy
nitpick,zippy
nitpicking,zippy
noise,zippy
noises,zippy
noisier,zippy
noisy,zippy
non-confidence,zippy
nonexistent,zippy
nonresponsive,zippy
nonsense,zippy
nosey,zippy
notoriety,zippy
notorious,zippy
notoriously,zippy
noxious,zippy
nuisance,zippy
numb,zippy
obese,zippy
object,zippy
objection,zippy
objectionable,zippy
objections,zippy
oblique,zippy
obliterate,zippy
obliterated,zippy
oblivious,zippy
obnoxious,zippy
obnoxiously,zippy
obscene,zippy
obscenely,zippy
obscenity,zippy
obscure,zippy
obscured,zippy
obscures,zippy
obscurity,zippy
obsess,zippy
obsessive,zippy
obsessively,zippy
obsessiveness,zippy
obsolete,zippy
obstacle,zippy
obstinate,zippy
obstinately,zippy
obstruct,zippy
obstructed,zippy
obstructing,zippy
obstruction,zippy
obstructs,zippy
obtrusive,zippy
obtuse,zippy
occlude,zippy
occluded,zippy
occludes,zippy
occluding,zippy
odd,zippy
odder,zippy
oddest,zippy
oddities,zippy
oddity,zippy
oddly,zippy
odor,zippy
offence,zippy
offend,zippy
offender,zippy
offending,zippy
offenses,zippy
offensive,zippy
offensively,zippy
offensiveness,zippy
officious,zippy
ominous,zippy
ominously,zippy
omission,zippy
omit,zippy
one-sided,zippy
onerous,zippy
onerously,zippy
onslaught,zippy
opinionated,zippy
opponent,zippy
opportunistic,zippy
oppose,zippy
opposition,zippy
oppositions,zippy
oppress,zippy
oppression,zippy
oppressive,zippy
oppressively,zippy
oppressiveness,zippy
oppressors,zippy
ordeal,zippy
orphan,zippy
ostracize,zippy
outbreak,zippy
outburst,zippy
outbursts,zippy
outcast,zippy
outcry,zippy
outlaw,zippy
outmoded,zippy
outrage,zippy
outraged,zippy
outrageous,zippy
outrageously,zippy
outrageousness,zippy
outrages,zippy
outsider,zippy
over-acted,zippy
over-awe,zippy
over-balanced,zippy
over-hyped,zippy
over-priced,zippy
over-valuation,zippy
overact,zippy
overacted,zippy
overawe,zippy
overbalance,zippy
overbalanced,zippy
overbearing,zippy
overbearingly,zippy
overblown,zippy
overdo,zippy
overdone,zippy
overdue,zippy
overemphasize,zippy
overheat,zippy
overkill,zippy
overloaded,zippy
overlook,zippy
overpaid,zippy
overpayed,zippy
overplay,zippy
overpower,zippy
overpriced,zippy
overrated,zippy
overreach,zippy
overrun,zippy
overshadow,zippy
oversight,zippy
oversights,zippy
oversimplification,zippy
oversimplified,zippy
oversimplify,zippy
oversize,zippy
overstate,zippy
overstated,zippy
overstatement,zippy
overstatements,zippy
overstates,zippy
overtaxed,zippy
overthrow,zippy
overthrows,zippy
overturn,zippy
overweight,zippy
overwhelm,zippy
overwhelmed,zippy
overwhelming,zippy
overwhelmingly,zippy
overwhelms,zippy
overzealous,zippy
overzealously,zippy
overzelous,zippy
pain,zippy
painful,zippy
painfull,zippy
painfully,zippy
pains,zippy
pale,zippy
pales,zippy
paltry,zippy
pan,zippy
pandemonium,zippy
pander,zippy
pandering,zippy
panders,zippy
panic,zippy
panick,zippy
panicked,zippy
panicking,zippy
panicky,zippy
paradoxical,zippy
paradoxically,zippy
paralize,zippy
paralyzed,zippy
paranoia,zippy
paranoid,zippy
parasite,zippy
pariah,zippy
parody,zippy
partiality,zippy
partisan,zippy
partisans,zippy
passe,zippy
passive,zippy
passiveness,zippy
pathetic,zippy
pathetically,zippy
patronize,zippy
paucity,zippy
pauper,zippy
paupers,zippy
payback,zippy
peculiar,zippy
peculiarly,zippy
pedantic,zippy
peeled,zippy
peeve,zippy
peeved,zippy
peevish,zippy
peevishly,zippy
penalize,zippy
penalty,zippy
perfidious,zippy
perfidity,zippy
perfunctory,zippy
peril,zippy
perilous,zippy
perilously,zippy
perish,zippy
pernicious,zippy
perplex,zippy
perplexed,zippy
perplexing,zippy
perplexity,zippy
persecute,zippy
persecution,zippy
pertinacious,zippy
pertinaciously,zippy
pertinacity,zippy
perturb,zippy
perturbed,zippy
pervasive,zippy
perverse,zippy
perversely,zippy
perversion,zippy
perversity,zippy
pervert,zippy
perverted,zippy
perverts,zippy
pessimism,zippy
pessimistic,zippy
pessimistically,zippy
pest,zippy
pestilent,zippy
petrified,zippy
petrify,zippy
pettifog,zippy
petty,zippy
phobia,zippy
phobic,zippy
phony,zippy
picket,zippy
picketed,zippy
picketing,zippy
pickets,zippy
picky,zippy
pig,zippy
pigs,zippy
pillage,zippy
pillory,zippy
pimple,zippy
pinch,zippy
pique,zippy
pitiable,zippy
pitiful,zippy
pitifully,zippy
pitiless,zippy
pitilessly,zippy
pittance,zippy
pity,zippy
plagiarize,zippy
plague,zippy
plasticky,zippy
plaything,zippy
plea,zippy
pleas,zippy
plebeian,zippy
plight,zippy
plot,zippy
plotters,zippy
ploy,zippy
plunder,zippy
plunderer,zippy
pointless,zippy
pointlessly,zippy
poison,zippy
poisonous,zippy
poisonously,zippy
pokey,zippy
poky,zippy
polarisation,zippy
polemize,zippy
pollute,zippy
polluter,zippy
polluters,zippy
polution,zippy
pompous,zippy
poor,zippy
poorer,zippy
poorest,zippy
poorly,zippy
posturing,zippy
pout,zippy
poverty,zippy
powerless,zippy
prate,zippy
pratfall,zippy
prattle,zippy
precarious,zippy
precariously,zippy
precipitate,zippy
precipitous,zippy
predatory,zippy
predicament,zippy
prejudge,zippy
prejudice,zippy
prejudices,zippy
prejudicial,zippy
premeditated,zippy
preoccupy,zippy
preposterous,zippy
preposterously,zippy
presumptuous,zippy
presumptuously,zippy
pretence,zippy
pretend,zippy
pretense,zippy
pretentious,zippy
pretentiously,zippy
prevaricate,zippy
pricey,zippy
pricier,zippy
prick,zippy
prickle,zippy
prickles,zippy
prideful,zippy
prik,zippy
primitive,zippy
prison,zippy
prisoner,zippy
problem,zippy
problematic,zippy
problems,zippy
procrastinate,zippy
procrastinates,zippy
procrastination,zippy
profane,zippy
profanity,zippy
prohibit,zippy
prohibitive,zippy
prohibitively,zippy
propaganda,zippy
propagandize,zippy
proprietary,zippy
prosecute,zippy
protest,zippy
protested,zippy
protesting,zippy
protests,zippy
protracted,zippy
provocation,zippy
provocative,zippy
provoke,zippy
pry,zippy
pugnacious,zippy
pugnaciously,zippy
pugnacity,zippy
punch,zippy
punish,zippy
punishable,zippy
punitive,zippy
punk,zippy
puny,zippy
puppet,zippy
puppets,zippy
puzzled,zippy
puzzlement,zippy
puzzling,zippy
quack,zippy
qualm,zippy
qualms,zippy
quandary,zippy
quarrel,zippy
quarrellous,zippy
quarrellously,zippy
quarrels,zippy
quarrelsome,zippy
quash,zippy
queer,zippy
questionable,zippy
quibble,zippy
quibbles,zippy
quitter,zippy
rabid,zippy
racism,zippy
racist,zippy
racists,zippy
racy,zippy
radical,zippy
radicalization,zippy
radically,zippy
radicals,zippy
rage,zippy
ragged,zippy
raging,zippy
rail,zippy
raked,zippy
rampage,zippy
rampant,zippy
ramshackle,zippy
rancor,zippy
randomly,zippy
rankle,zippy
rant,zippy
ranted,zippy
ranting,zippy
rantingly,zippy
rants,zippy
rape,zippy
raped,zippy
raping,zippy
rascal,zippy
rascals,zippy
rash,zippy
rattle,zippy
rattled,zippy
rattles,zippy
ravage,zippy
raving,zippy
reactionary,zippy
rebellious,zippy
rebuff,zippy
rebuke,zippy
recalcitrant,zippy
recant,zippy
recession,zippy
recessionary,zippy
reckless,zippy
recklessly,zippy
recklessness,zippy
recoil,zippy
recourses,zippy
redundancy,zippy
redundant,zippy
refusal,zippy
refuse,zippy
refused,zippy
refuses,zippy
refusing,zippy
refutation,zippy
refute,zippy
refuted,zippy
refutes,zippy
refuting,zippy
regress,zippy
regression,zippy
regressive,zippy
regret,zippy
regreted,zippy
regretful,zippy
regretfully,zippy
regrets,zippy
regrettable,zippy
regrettably,zippy
regretted,zippy
reject,zippy
rejected,zippy
rejecting,zippy
rejection,zippy
rejects,zippy
relapse,zippy
relentless,zippy
relentlessly,zippy
relentlessness,zippy
reluctance,zippy
reluctant,zippy
reluctantly,zippy
remorse,zippy
remorseful,zippy
remorsefully,zippy
remorseless,zippy
remorselessly,zippy
remorselessness,zippy
renounce,zippy
renunciation,zippy
repel,zippy
repetitive,zippy
reprehensible,zippy
reprehensibly,zippy
reprehension,zippy
reprehensive,zippy
repress,zippy
repression,zippy
repressive,zippy
reprimand,zippy
reproach,zippy
reproachful,zippy
reprove,zippy
reprovingly,zippy
repudiate,zippy
repudiation,zippy
repugn,zippy
repugnance,zippy
repugnant,zippy
repugnantly,zippy
repulse,zippy
repulsed,zippy
repulsing,zippy
repulsive,zippy
repulsively,zippy
repulsiveness,zippy
resent,zippy
resentful,zippy
resentment,zippy
resignation,zippy
resigned,zippy
resistance,zippy
restless,zippy
restlessness,zippy
restrict,zippy
restricted,zippy
restriction,zippy
restrictive,zippy
resurgent,zippy
retaliate,zippy
retaliatory,zippy
retard,zippy
retarded,zippy
retardedness,zippy
retards,zippy
reticent,zippy
retract,zippy
retreat,zippy
retreated,zippy
revenge,zippy
revengeful,zippy
revengefully,zippy
revert,zippy
revile,zippy
reviled,zippy
revoke,zippy
revolt,zippy
revolting,zippy
revoltingly,zippy
revulsion,zippy
revulsive,zippy
rhapsodize,zippy
rhetoric,zippy
rhetorical,zippy
ricer,zippy
ridicule,zippy
ridicules,zippy
ridiculous,zippy
ridiculously,zippy
rife,zippy
rift,zippy
rifts,zippy
rigid,zippy
rigidity,zippy
rigidness,zippy
rile,zippy
riled,zippy
rip,zippy
rip-off,zippy
ripoff,zippy
ripped,zippy
risk,zippy
risks,zippy
risky,zippy
rival,zippy
rivalry,zippy
roadblocks,zippy
rocky,zippy
rogue,zippy
rollercoaster,zippy
rot,zippy
rotten,zippy
rough,zippy
rremediable,zippy
rubbish,zippy
rude,zippy
rue,zippy
ruffian,zippy
ruffle,zippy
ruin,zippy
ruined,zippy
ruining,zippy
ruinous,zippy
ruins,zippy
rumbling,zippy
rumor,zippy
rumors,zippy
rumours,zippy
rumple,zippy
run-down,zippy
runaway,zippy
rupture,zippy
rust,zippy
rusts,zippy
rusty,zippy
rut,zippy
ruthless,zippy
ruthlessly,zippy
ruthlessness,zippy
ruts,zippy
sabotage,zippy
sack,zippy
sacrificed,zippy
sad,zippy
sadden,zippy
sadly,zippy
sadness,zippy
sag,zippy
sagged,zippy
sagging,zippy
saggy,zippy
sags,zippy
salacious,zippy
sanctimonious,zippy
sap,zippy
sarcasm,zippy
sarcastic,zippy
sarcastically,zippy
sardonic,zippy
sardonically,zippy
sass,zippy
satirical,zippy
satirize,zippy
savage,zippy
savaged,zippy
savagery,zippy
savages,zippy
scaly,zippy
scam,zippy
scams,zippy
scandal,zippy
scandalize,zippy
scandalized,zippy
scandalous,zippy
scandalously,zippy
scandals,zippy
scandel,zippy
scandels,zippy
scant,zippy
scapegoat,zippy
scar,zippy
scarce,zippy
scarcely,zippy
scarcity,zippy
scare,zippy
scared,zippy
scarier,zippy
scariest,zippy
scarily,zippy
scarred,zippy
scars,zippy
scary,zippy
scathing,zippy
scathingly,zippy
sceptical,zippy
scoff,zippy
scoffingly,zippy
scold,zippy
scolded,zippy
scolding,zippy
scoldingly,zippy
scorching,zippy
scorchingly,zippy
scorn,zippy
scornful,zippy
scornfully,zippy
scoundrel,zippy
scourge,zippy
scowl,zippy
scramble,zippy
scrambled,zippy
scrambles,zippy
scrambling,zippy
scrap,zippy
scratch,zippy
scratched,zippy
scratches,zippy
scratchy,zippy
scream,zippy
screech,zippy
screw-up,zippy
screwed,zippy
screwed-up,zippy
screwy,zippy
scuff,zippy
scuffs,zippy
scum,zippy
scummy,zippy
second-class,zippy
second-tier,zippy
secretive,zippy
sedentary,zippy
seedy,zippy
seethe,zippy
seething,zippy
self-coup,zippy
self-criticism,zippy
self-defeating,zippy
self-destructive,zippy
self-humiliation,zippy
self-interest,zippy
self-interested,zippy
self-serving,zippy
selfinterested,zippy
selfish,zippy
selfishly,zippy
selfishness,zippy
semi-retarded,zippy
senile,zippy
sensationalize,zippy
senseless,zippy
senselessly,zippy
seriousness,zippy
sermonize,zippy
servitude,zippy
set-up,zippy
setback,zippy
setbacks,zippy
sever,zippy
severe,zippy
severity,zippy
sh*t,zippy
shabby,zippy
shadowy,zippy
shady,zippy
shake,zippy
shaky,zippy
shallow,zippy
sham,zippy
shambles,zippy
shame,zippy
shameful,zippy
shamefully,zippy
shamefulness,zippy
shameless,zippy
shamelessly,zippy
shamelessness,zippy
shark,zippy
sharply,zippy
shatter,zippy
shemale,zippy
shimmer,zippy
shimmy,zippy
shipwreck,zippy
shirk,zippy
shirker,zippy
shit,zippy
shiver,zippy
shock,zippy
shocked,zippy
shocking,zippy
shockingly,zippy
shoddy,zippy
short-lived,zippy
shortage,zippy
shortchange,zippy
shortcoming,zippy
shortcomings,zippy
shortness,zippy
shortsighted,zippy
shortsightedness,zippy
showdown,zippy
shrew,zippy
shriek,zippy
shrill,zippy
shrilly,zippy
shrivel,zippy
shroud,zippy
shrouded,zippy
shrug,zippy
shun,zippy
shunned,zippy
sick,zippy
sicken,zippy
sickening,zippy
sickeningly,zippy
sickly,zippy
sickness,zippy
sidetrack,zippy
sidetracked,zippy
siege,zippy
sillily,zippy
silly,zippy
simplistic,zippy
simplistically,zippy
sin,zippy
sinful,zippy
sinfully,zippy
sinister,zippy
sinisterly,zippy
sink,zippy
sinking,zippy
skeletons,zippy
skeptic,zippy
skeptical,zippy
skeptically,zippy
skepticism,zippy
sketchy,zippy
skimpy,zippy
skinny,zippy
skittish,zippy
skittishly,zippy
skulk,zippy
slack,zippy
slander,zippy
slanderer,zippy
slanderous,zippy
slanderously,zippy
slanders,zippy
slap,zippy
slashing,zippy
slaughter,zippy
slaughtered,zippy
slave,zippy
slaves,zippy
sleazy,zippy
slime,zippy
slog,zippy
slogged,zippy
slogging,zippy
slogs,zippy
sloooooooooooooow,zippy
sloooow,zippy
slooow,zippy
sloow,zippy
sloppily,zippy
sloppy,zippy
sloth,zippy
slothful,zippy
slow,zippy
slow-moving,zippy
slowed,zippy
slower,zippy
slowest,zippy
slowly,zippy
sloww,zippy
slowww,zippy
slowwww,zippy
slug,zippy
sluggish,zippy
slump,zippy
slumping,zippy
slumpping,zippy
slur,zippy
slut,zippy
sluts,zippy
sly,zippy
smack,zippy
smallish,zippy
smash,zippy
smear,zippy
smell,zippy
smelled,zippy
smelling,zippy
smells,zippy
smelly,zippy
smelt,zippy
smoke,zippy
smokescreen,zippy
smolder,zippy
smoldering,zippy
smother,zippy
smoulder,zippy
smouldering,zippy
smudge,zippy
smudged,zippy
smudges,zippy
smudging,zippy
smug,zippy
smugly,zippy
smut,zippy
smuttier,zippy
smuttiest,zippy
smutty,zippy
snag,zippy
snagged,zippy
snagging,zippy
snags,zippy
snappish,zippy
snappishly,zippy
snare,zippy
snarky,zippy
snarl,zippy
sneak,zippy
sneakily,zippy
sneaky,zippy
sneer,zippy
sneering,zippy
sneeringly,zippy
snob,zippy
snobbish,zippy
snobby,zippy
snobish,zippy
snobs,zippy
snub,zippy
so-cal,zippy
soapy,zippy
sob,zippy
sober,zippy
sobering,zippy
solemn,zippy
solicitude,zippy
somber,zippy
sore,zippy
sorely,zippy
soreness,zippy
sorrow,zippy
sorrowful,zippy
sorrowfully,zippy
sorry,zippy
sour,zippy
sourly,zippy
spade,zippy
spank,zippy
spendy,zippy
spew,zippy
spewed,zippy
spewing,zippy
spews,zippy
spilling,zippy
spinster,zippy
spiritless,zippy
spite,zippy
spiteful,zippy
spitefully,zippy
spitefulness,zippy
splatter,zippy
split,zippy
splitting,zippy
spoil,zippy
spoilage,zippy
spoilages,zippy
spoiled,zippy
spoilled,zippy
spoils,zippy
spook,zippy
spookier,zippy
spookiest,zippy
spookily,zippy
spooky,zippy
spoon-fed,zippy
spoon-feed,zippy
spoonfed,zippy
sporadic,zippy
spotty,zippy
spurious,zippy
spurn,zippy
sputter,zippy
squabble,zippy
squabbling,zippy
squander,zippy
squash,zippy
squeak,zippy
squeaks,zippy
squeaky,zippy
squeal,zippy
squealing,zippy
squeals,zippy
squirm,zippy
stab,zippy
stagnant,zippy
stagnate,zippy
stagnation,zippy
staid,zippy
stain,zippy
stains,zippy
stale,zippy
stalemate,zippy
stall,zippy
stalls,zippy
stammer,zippy
stampede,zippy
standstill,zippy
stark,zippy
starkly,zippy
startle,zippy
startling,zippy
startlingly,zippy
starvation,zippy
starve,zippy
static,zippy
steal,zippy
stealing,zippy
steals,zippy
steep,zippy
steeply,zippy
stench,zippy
stereotype,zippy
stereotypical,zippy
stereotypically,zippy
stern,zippy
stew,zippy
sticky,zippy
stiff,zippy
stiffness,zippy
stifle,zippy
stifling,zippy
stiflingly,zippy
stigma,zippy
stigmatize,zippy
sting,zippy
stinging,zippy
stingingly,zippy
stingy,zippy
stink,zippy
stinks,zippy
stodgy,zippy
stole,zippy
stolen,zippy
stooge,zippy
stooges,zippy
stormy,zippy
straggle,zippy
straggler,zippy
strain,zippy
strained,zippy
straining,zippy
strange,zippy
strangely,zippy
stranger,zippy
strangest,zippy
strangle,zippy
streaky,zippy
strenuous,zippy
stress,zippy
stresses,zippy
stressful,zippy
stressfully,zippy
stricken,zippy
strict,zippy
strictly,zippy
strident,zippy
stridently,zippy
strife,zippy
strike,zippy
stringent,zippy
stringently,zippy
struck,zippy
struggle,zippy
struggled,zippy
struggles,zippy
struggling,zippy
strut,zippy
stubborn,zippy
stubbornly,zippy
stubbornness,zippy
stuck,zippy
stuffy,zippy
stumble,zippy
stumbled,zippy
stumbles,zippy
stump,zippy
stumped,zippy
stumps,zippy
stun,zippy
stunt,zippy
stunted,zippy
stupid,zippy
stupidest,zippy
stupidity,zippy
stupidly,zippy
stupified,zippy
stupify,zippy
stupor,zippy
stutter,zippy
stuttered,zippy
stuttering,zippy
stutters,zippy
sty,zippy
stymied,zippy
sub-par,zippy
subdued,zippy
subjected,zippy
subjection,zippy
subjugate,zippy
subjugation,zippy
submissive,zippy
subordinate,zippy
subpoena,zippy
subpoenas,zippy
subservience,zippy
subservient,zippy
substandard,zippy
subtract,zippy
subversion,zippy
subversive,zippy
subversively,zippy
subvert,zippy
succumb,zippy
suck,zippy
sucked,zippy
sucker,zippy
sucks,zippy
sucky,zippy
sue,zippy
sued,zippy
sueing,zippy
sues,zippy
suffer,zippy
suffered,zippy
sufferer,zippy
sufferers,zippy
suffering,zippy
suffers,zippy
suffocate,zippy
sugar-coat,zippy
sugar-coated,zippy
sugarcoated,zippy
suicidal,zippy
suicide,zippy
sulk,zippy
sullen,zippy
sully,zippy
sunder,zippy
sunk,zippy
sunken,zippy
superficial,zippy
superficiality,zippy
superficially,zippy
superfluous,zippy
superstition,zippy
superstitious,zippy
suppress,zippy
suppression,zippy
surrender,zippy
susceptible,zippy
suspect,zippy
suspicion,zippy
suspicions,zippy
suspicious,zippy
suspiciously,zippy
swagger,zippy
swamped,zippy
sweaty,zippy
swelled,zippy
swelling,zippy
swindle,zippy
swipe,zippy
swollen,zippy
symptom,zippy
symptoms,zippy
syndrome,zippy
taboo,zippy
tacky,zippy
taint,zippy
tainted,zippy
tamper,zippy
tangle,zippy
tangled,zippy
tangles,zippy
tank,zippy
tanked,zippy
tanks,zippy
tantrum,zippy
tardy,zippy
tarnish,zippy
tarnished,zippy
tarnishes,zippy
tarnishing,zippy
tattered,zippy
taunt,zippy
taunting,zippy
tauntingly,zippy
taunts,zippy
taut,zippy
tawdry,zippy
taxing,zippy
tease,zippy
teasingly,zippy
tedious,zippy
tediously,zippy
temerity,zippy
temper,zippy
tempest,zippy
temptation,zippy
tenderness,zippy
tense,zippy
tension,zippy
tentative,zippy
tentatively,zippy
tenuous,zippy
tenuously,zippy
tepid,zippy
terrible,zippy
terribleness,zippy
terribly,zippy
terror,zippy
terror-genic,zippy
terrorism,zippy
terrorize,zippy
testily,zippy
testy,zippy
tetchily,zippy
tetchy,zippy
thankless,zippy
thicker,zippy
thirst,zippy
thorny,zippy
thoughtless,zippy
thoughtlessly,zippy
thoughtlessness,zippy
thrash,zippy
threat,zippy
threaten,zippy
threatening,zippy
threats,zippy
threesome,zippy
throb,zippy
throbbed,zippy
throbbing,zippy
throbs,zippy
throttle,zippy
thug,zippy
thumb-down,zippy
thumbs-down,zippy
thwart,zippy
time-consuming,zippy
timid,zippy
timidity,zippy
timidly,zippy
timidness,zippy
tin-y,zippy
tingled,zippy
tingling,zippy
tired,zippy
tiresome,zippy
tiring,zippy
tiringly,zippy
toil,zippy
toll,zippy
top-heavy,zippy
topple,zippy
torment,zippy
tormented,zippy
torrent,zippy
tortuous,zippy
torture,zippy
tortured,zippy
tortures,zippy
torturing,zippy
torturous,zippy
torturously,zippy
totalitarian,zippy
touchy,zippy
toughness,zippy
tout,zippy
touted,zippy
touts,zippy
toxic,zippy
traduce,zippy
tragedy,zippy
tragic,zippy
tragically,zippy
traitor,zippy
traitorous,zippy
traitorously,zippy
tramp,zippy
trample,zippy
transgress,zippy
transgression,zippy
trap,zippy
traped,zippy
trapped,zippy
trash,zippy
trashed,zippy
trashy,zippy
trauma,zippy
traumatic,zippy
traumatically,zippy
traumatize,zippy
traumatized,zippy
travesties,zippy
travesty,zippy
treacherous,zippy
treacherously,zippy
treachery,zippy
treason,zippy
treasonous,zippy
trick,zippy
tricked,zippy
trickery,zippy
tricky,zippy
trivial,zippy
trivialize,zippy
trouble,zippy
troubled,zippy
troublemaker,zippy
troubles,zippy
troublesome,zippy
troublesomely,zippy
troubling,zippy
troublingly,zippy
truant,zippy
tumble,zippy
tumbled,zippy
tumbles,zippy
tumultuous,zippy
turbulent,zippy
turmoil,zippy
twist,zippy
twisted,zippy
twists,zippy
two-faced,zippy
two-faces,zippy
tyrannical,zippy
tyrannically,zippy
tyranny,zippy
tyrant,zippy
ugh,zippy
uglier,zippy
ugliest,zippy
ugliness,zippy
ugly,zippy
ulterior,zippy
ultimatum,zippy
ultimatums,zippy
ultra-hardline,zippy
un-viewable,zippy
unable,zippy
unacceptable,zippy
unacceptablely,zippy
unacceptably,zippy
unaccessible,zippy
unaccustomed,zippy
unachievable,zippy
unaffordable,zippy
unappealing,zippy
unattractive,zippy
unauthentic,zippy
unavailable,zippy
unavoidably,zippy
unbearable,zippy
unbearablely,zippy
unbelievable,zippy
unbelievably,zippy
uncaring,zippy
uncertain,zippy
uncivil,zippy
uncivilized,zippy
unclean,zippy
unclear,zippy
uncollectible,zippy
uncomfortable,zippy
uncomfortably,zippy
uncomfy,zippy
uncompetitive,zippy
uncompromising,zippy
uncompromisingly,zippy
unconfirmed,zippy
unconstitutional,zippy
uncontrolled,zippy
unconvincing,zippy
unconvincingly,zippy
uncooperative,zippy
uncouth,zippy
uncreative,zippy
undecided,zippy
undefined,zippy
undependability,zippy
undependable,zippy
undercut,zippy
undercuts,zippy
undercutting,zippy
underdog,zippy
underestimate,zippy
underlings,zippy
undermine,zippy
undermined,zippy
undermines,zippy
undermining,zippy
underpaid,zippy
underpowered,zippy
undersized,zippy
undesirable,zippy
undetermined,zippy
undid,zippy
undignified,zippy
undissolved,zippy
undocumented,zippy
undone,zippy
undue,zippy
unease,zippy
uneasily,zippy
uneasiness,zippy
uneasy,zippy
uneconomical,zippy
unemployed,zippy
unequal,zippy
unethical,zippy
uneven,zippy
uneventful,zippy
unexpected,zippy
unexpectedly,zippy
unexplained,zippy
unfairly,zippy
unfaithful,zippy
unfaithfully,zippy
unfamiliar,zippy
unfavorable,zippy
unfeeling,zippy
unfinished,zippy
unfit,zippy
unforeseen,zippy
unforgiving,zippy
unfortunate,zippy
unfortunately,zippy
unfounded,zippy
unfriendly,zippy
unfulfilled,zippy
unfunded,zippy
ungovernable,zippy
ungrateful,zippy
unhappily,zippy
unhappiness,zippy
unhappy,zippy
unhealthy,zippy
unhelpful,zippy
unilateralism,zippy
unimaginable,zippy
unimaginably,zippy
unimportant,zippy
uninformed,zippy
uninsured,zippy
unintelligible,zippy
unintelligile,zippy
unipolar,zippy
unjust,zippy
unjustifiable,zippy
unjustifiably,zippy
unjustified,zippy
unjustly,zippy
unkind,zippy
unkindly,zippy
unknown,zippy
unlamentable,zippy
unlamentably,zippy
unlawful,zippy
unlawfully,zippy
unlawfulness,zippy
unleash,zippy
unlicensed,zippy
unlikely,zippy
unlucky,zippy
unmoved,zippy
unnatural,zippy
unnaturally,zippy
unnecessary,zippy
unneeded,zippy
unnerve,zippy
unnerved,zippy
unnerving,zippy
unnervingly,zippy
unnoticed,zippy
unobserved,zippy
unorthodox,zippy
unorthodoxy,zippy
unpleasant,zippy
unpleasantries,zippy
unpopular,zippy
unpredictable,zippy
unprepared,zippy
unproductive,zippy
unprofitable,zippy
unprove,zippy
unproved,zippy
unproven,zippy
unproves,zippy
unproving,zippy
unqualified,zippy
unravel,zippy
unraveled,zippy
unreachable,zippy
unreadable,zippy
unrealistic,zippy
unreasonable,zippy
unreasonably,zippy
unrelenting,zippy
unrelentingly,zippy
unreliability,zippy
unreliable,zippy
unresolved,zippy
unresponsive,zippy
unrest,zippy
unruly,zippy
unsafe,zippy
unsatisfactory,zippy
unsavory,zippy
unscrupulous,zippy
unscrupulously,zippy
unsecure,zippy
unseemly,zippy
unsettle,zippy
unsettled,zippy
unsettling,zippy
unsettlingly,zippy
unskilled,zippy
unsophisticated,zippy
unsound,zippy
unspeakable,zippy
unspeakablely,zippy
unspecified,zippy
unstable,zippy
unsteadily,zippy
unsteadiness,zippy
unsteady,zippy
unsuccessful,zippy
unsuccessfully,zippy
unsupported,zippy
unsupportive,zippy
unsure,zippy
unsuspecting,zippy
unsustainable,zippy
untenable,zippy
untested,zippy
unthinkable,zippy
unthinkably,zippy
untimely,zippy
untouched,zippy
untrue,zippy
untrustworthy,zippy
untruthful,zippy
unusable,zippy
unusably,zippy
unuseable,zippy
unuseably,zippy
unusual,zippy
unusually,zippy
unviewable,zippy
unwanted,zippy
unwarranted,zippy
unwatchable,zippy
unwelcome,zippy
unwell,zippy
unwieldy,zippy
unwilling,zippy
unwillingly,zippy
unwillingness,zippy
unwise,zippy
unwisely,zippy
unworkable,zippy
unworthy,zippy
unyielding,zippy
upbraid,zippy
upheaval,zippy
uprising,zippy
uproar,zippy
uproarious,zippy
uproariously,zippy
uproarous,zippy
uproarously,zippy
uproot,zippy
upset,zippy
upseting,zippy
upsets,zippy
upsetting,zippy
upsettingly,zippy
urgent,zippy
useless,zippy
usurp,zippy
usurper,zippy
utterly,zippy
vagrant,zippy
vague,zippy
vagueness,zippy
vain,zippy
vainly,zippy
vanity,zippy
vehement,zippy
vehemently,zippy
vengeance,zippy
vengeful,zippy
vengefully,zippy
vengefulness,zippy
venom,zippy
venomous,zippy
venomously,zippy
vent,zippy
vestiges,zippy
vex,zippy
vexation,zippy
vexing,zippy
vexingly,zippy
vibrate,zippy
vibrated,zippy
vibrates,zippy
vibrating,zippy
vibration,zippy
vice,zippy
vicious,zippy
viciously,zippy
viciousness,zippy
victimize,zippy
vile,zippy
vileness,zippy
vilify,zippy
villainous,zippy
villainously,zippy
villains,zippy
villian,zippy
villianous,zippy
villianously,zippy
villify,zippy
vindictive,zippy
vindictively,zippy
vindictiveness,zippy
violate,zippy
violation,zippy
violator,zippy
violators,zippy
violent,zippy
violently,zippy
viper,zippy
virulence,zippy
virulent,zippy
virulently,zippy
virus,zippy
vociferous,zippy
vociferously,zippy
volatile,zippy
volatility,zippy
vomit,zippy
vomited,zippy
vomiting,zippy
vomits,zippy
vulgar,zippy
vulnerable,zippy
wack,zippy
wail,zippy
wallow,zippy
wane,zippy
waning,zippy
wanton,zippy
war-like,zippy
warily,zippy
wariness,zippy
warlike,zippy
warned,zippy
warning,zippy
warp,zippy
warped,zippy
wary,zippy
washed-out,zippy
waste,zippy
wasted,zippy
wasteful,zippy
wastefulness,zippy
wasting,zippy
water-down,zippy
watered-down,zippy
wayward,zippy
weak,zippy
weaken,zippy
weakening,zippy
weaker,zippy
weakness,zippy
weaknesses,zippy
weariness,zippy
wearisome,zippy
weary,zippy
wedge,zippy
weed,zippy
weep,zippy
weird,zippy
weirdly,zippy
wheedle,zippy
whimper,zippy
whine,zippy
whining,zippy
whiny,zippy
whips,zippy
whore,zippy
whores,zippy
wicked,zippy
wickedly,zippy
wickedness,zippy
wild,zippy
wildly,zippy
wiles,zippy
wilt,zippy
wily,zippy
wimpy,zippy
wince,zippy
wobble,zippy
wobbled,zippy
wobbles,zippy
woe,zippy
woebegone,zippy
woeful,zippy
woefully,zippy
womanizer,zippy
womanizing,zippy
worn,zippy
worried,zippy
worriedly,zippy
worrier,zippy
worries,zippy
worrisome,zippy
worry,zippy
worrying,zippy
worryingly,zippy
worse,zippy
worsen,zippy
worsening,zippy
worst,zippy
worthless,zippy
worthlessly,zippy
worthlessness,zippy
wound,zippy
wounds,zippy
wrangle,zippy
wrath,zippy
wreak,zippy
wreaked,zippy
wreaks,zippy
wreck,zippy
wrest,zippy
wrestle,zippy
wretch,zippy
wretched,zippy
wretchedly,zippy
wretchedness,zippy
wrinkle,zippy
wrinkled,zippy
wrinkles,zippy
wrip,zippy
wripped,zippy
wripping,zippy
writhe,zippy
wrong,zippy
wrongful,zippy
wrongly,zippy
wrought,zippy
yawn,zippy
zap,zippy
zapped,zippy
zaps,zippy
zealot,zippy
zealous,zippy
zealously,zippy
zombie,zippy
